display_name,owner_name,league_2022
sgogel1,GOGEL,PREQUEL
JoeBod,JOE,SEQUEL
PottsC,CHARLIE,SEQUEL
Best_Bod,JON,PREQUEL
jgray2005,JAMES,SEQUEL
zach34,ZACH,SEQUEL
scottyvv,SCOTT,SEQUEL
ncriswell,NICK,PREQUEL
NorwegianBlues,NATE,SEQUEL
jbodlovich,JEREMY,PREQUEL
MHols,MATT,SEQUEL
Otto9,OTTO,SEQUEL
FartGarfunkel,ANDY,PREQUEL
zdhrules,HART,PREQUEL
swapp,WAPP,PREQUEL
achrisman,AARON,PREQUEL
